{"Decal_21": [[80.0, -77.88909912109375, 9.018013952299953e-05], [0.0, -80.0, -1.0071496944874525e-05]], "Decal_00": [[28.828445434570312, 3.814697265625e-06, 0.00010227015445707366], [0.0, -12.947654724121094, 7.266762622748502e-07]], "Decal_01": [[46.994346618652344, 3.814697265625e-06, 0.00010227015445707366], [28.828445434570312, -12.947654724121094, 7.266762622748502e-07]], "Decal_02": [[80.0, 3.814697265625e-06, 0.00010227015445707366], [46.994346618652344, -12.947654724121094, 7.266762622748502e-07]], "Decal_03": [[30.53234100341797, -12.947652816772461, 9.843089355854318e-05], [0.0, -25.48320960998535, -3.0634651011496317e-06]], "Decal_04": [[39.14402389526367, -12.947654724121094, 9.846565080806613e-05], [30.532339096069336, -42.06629943847656, -5.005565981264226e-06]], "Decal_05": [[80.0, -12.947654724121094, 9.829051123233512e-05], [39.14402389526367, -23.127946853637695, -2.923072088378831e-06]], "Decal_06": [[80.0, -23.127946853637695, 9.632347064325586e-05], [39.14402389526367, -32.306800842285156, -4.77073626825586e-06]], "Decal_07": [[80.0, -32.306800842285156, 9.438450797460973e-05], [39.14402389526367, -40.95537567138672, -6.646472684224136e-06]], "Decal_08": [[30.53234100341797, -25.48320770263672, 9.676274930825457e-05], [0.0, -42.03197479248047, -5.210018116486026e-06]], "Decal_09": [[39.14402389526367, -42.03197479248047, 9.429932106286287e-05], [0.0, -49.25135040283203, -6.561291229445487e-06]], "Decal_10": [[59.25392150878906, -40.93170166015625, 9.265588596463203e-05], [39.14402389526367, -52.578643798828125, -8.73253884492442e-06]], "Decal_11": [[80.0, -40.93170166015625, 9.265588596463203e-05], [59.25392150878906, -52.578643798828125, -8.73253884492442e-06]], "Decal_12": [[39.14402389526367, -49.25135040283203, 9.311385656474158e-05], [0.0, -52.581817626953125, -7.28316717868438e-06]], "Decal_13": [[23.020076751708984, -52.581809997558594, 9.26087232073769e-05], [0.0, -63.437591552734375, -8.685385182616301e-06]], "Decal_14": [[34.27028274536133, -52.581809997558594, 9.26087232073769e-05], [23.020076751708984, -63.437591552734375, -8.685385182616301e-06]], "Decal_15": [[50.64794158935547, -52.581809997558594, 9.26087232073769e-05], [34.2702751159668, -63.437591552734375, -8.685385182616301e-06]], "Decal_16": [[68.49119567871094, -52.581809997558594, 9.26087232073769e-05], [50.64794158935547, -63.437591552734375, -8.685385182616301e-06]], "Decal_17": [[79.9649887084961, -52.581809997558594, 9.26087232073769e-05], [68.49119567871094, -63.437591552734375, -8.685385182616301e-06]], "Decal_18": [[36.41205596923828, -63.43122100830078, 9.240047074854374e-05], [0.0, -70.79310607910156, -8.477134542772546e-06]], "Decal_19": [[80.0, -63.44519805908203, 9.09152440726757e-05], [36.41205596923828, -77.88909149169922, -1.080660422303481e-05]], "Decal_20": [[36.41205596923828, -70.79309844970703, 9.047727508004755e-05], [0.0, -77.88908386230469, -1.0368631592427846e-05]]}