{"Decal_14": [[80.0, -75.53372192382812, 9.141692862613127e-05], [3.814697265625e-06, -80.0, -8.58306884765625e-06]], "Decal_01": [[80.0, -3.814697265625e-06, 9.904961189022288e-05], [3.814697265625e-06, -6.136142730712891, -9.503824003331829e-07]], "Decal_02": [[55.06632614135742, -6.136138916015625, 9.703647083370015e-05], [0.0, -31.594234466552734, -2.96352345685591e-06]], "Decal_03": [[80.00000762939453, -6.136146545410156, 9.616922034183517e-05], [55.06633758544922, -31.657161712646484, -3.830778041447047e-06]], "Decal_04": [[18.505428314208984, -31.59423828125, 9.33771807467565e-05], [3.814697265625e-06, -47.27117156982422, -6.622818091273075e-06]], "Decal_05": [[36.6163444519043, -31.594236373901367, 9.33771807467565e-05], [18.490598678588867, -47.271209716796875, -6.622814453294268e-06]], "Decal_06": [[55.06632995605469, -31.5942325592041, 9.337718802271411e-05], [36.59331512451172, -47.27123260498047, -6.622812634304864e-06]], "Decal_07": [[80.00000762939453, -31.65642547607422, 9.337718802271411e-05], [55.06633758544922, -47.272579193115234, -6.622811270062812e-06]], "Decal_08": [[80.0, -47.27017593383789, 9.351646440336481e-05], [3.814697265625e-06, -56.1173210144043, -6.483529432443902e-06]], "Decal_09": [[79.96499633789062, -56.1173210144043, 9.347454033559188e-05], [3.814697265625e-06, -63.437599182128906, -6.525458047690336e-06]], "Decal_10": [[25.48844337463379, -63.43122863769531, 9.31867616600357e-05], [3.814697265625e-06, -70.79310607910156, -6.813239451730624e-06]], "Decal_11": [[52.97547912597656, -63.43122863769531, 9.148109529633075e-05], [25.48844337463379, -70.79310607910156, -8.518901267962065e-06]], "Decal_12": [[80.0, -63.4452018737793, 9.148109529633075e-05], [52.97547149658203, -70.75875091552734, -8.518901267962065e-06]], "Decal_13": [[80.0, -70.75875854492188, 9.168074757326394e-05], [3.814697265625e-06, -75.53372192382812, -8.319247172039468e-06]]}